Workbook

Sheet interpolar
A1: codigo_ibge | B1: cod_mun | C1: municipio_nome | D1: departa | E1: 2002 | F1: 2003 | G1: 2004 | H1: 2005 | I1: 2006 | J1: 2007 | K1: 2008 | L1: 2009 | M1: 2010 | N1: 2011 | O1: 2012 | P1: 2013 | Q1: 2014 | R1: 2015 | S1: 2016 | T1: 2017 | U1: 2018 | V1: 2019 | W1: 2020 | X1: 2021 | Y1: 2022
A2: 3500105 | B2: =VLOOKUP($A2,Plan1!$1:$1048576,2,0) -> 1 | C2: Adamantina | D2: =VLOOKUP($A2,Plan1!$A:$D,4,0) -> Deinter 8 | E2: 33793 | F2: 33930 | G2: 34218 | H2: 34378 | I2: 34536 | J2: 34450 | K2: 34366 | L2: 34424 | M2: 33797 | N2: 33821 | O2: 33843 | P2: 34953 | Q2: 35001 | R2: 35048 | S2: 35094 | T2: =VLOOKUP($A2,Atualização_ago18!$1:$1048576,3,0) -> 35139 | U2: =VLOOKUP($A2,Atualização_ago18!$1:$1048576,4,0) -> 35023 | V2: 35068 | W2: 35111 | X2: 35153 | Y2: 35153
A3: 3500204 | B3: =VLOOKUP($A3,Plan1!$1:$1048576,2,0) -> 2 | C3: Adolfo | D3: =VLOOKUP($A3,Plan1!$A:$D,4,0) -> Deinter 5 | E3: 3771 | F3: 3811 | G3: 3895 | H3: 3942 | I3: 3989 | J3: 3847 | K3: 3711 | L3: 3710 | M3: 3557 | N3: 3548 | O3: 3538 | P3: 3639 | Q3: 3631 | R3: 3623 | S3: 3616 | T3: =VLOOKUP($A3,Atualização_ago18!$1:$1048576,3,0) -> 3609 | U3: =VLOOKUP($A3,Atualização_ago18!$1:$1048576,4,0) -> 3571 | V3: 3562 | W3: 3554 | X3: 3545 | Y3: 3545
A4: 3500303 | B4: =VLOOKUP($A4,Plan1!$1:$1048576,2,0) -> 3 | C4: Aguaí | D4: =VLOOKUP($A4,Plan1!$A:$D,4,0) -> Deinter 9 | E4: 29212 | F4: 29684 | G4: 30674 | H4: 31222 | I4: 31766 | J4: 31764 | K4: 31763 | L4: 32101 | M4: 32168 | N4: 32452 | O4: 32745 | P4: 34188 | Q4: 34530 | R4: 34863 | S4: 35189 | T4: =VLOOKUP($A4,Atualização_ago18!$1:$1048576,3,0) -> 35508 | U4: =VLOOKUP($A4,Atualização_ago18!$1:$1048576,4,0) -> 35954 | V4: 36305 | W4: 36648 | X4: 36981 | Y4: 36981
A5: 3500402 | B5: =VLOOKUP($A5,Plan1!$1:$1048576,2,0) -> 4 | C5: Águas da Prata | D5: =VLOOKUP($A5,Plan1!$A:$D,4,0) -> Deinter 9 | E5: 7223 | F5: 7266 | G5: 7356 | H5: 7406 | I5: 7455 | J5: 7568 | K5: 7684 | L5: 7734 | M5: 7580 | N5: 7619 | O5: 7653 | P5: 7942 | Q5: 7984 | R5: 8025 | S5: 8065 | T5: =VLOOKUP($A5,Atualização_ago18!$1:$1048576,3,0) -> 8104 | U5: =VLOOKUP($A5,Atualização_ago18!$1:$1048576,4,0) -> 8137 | V5: 8180 | W5: 8221 | X5: 8262 | Y5: 8262
A6: 3500501 | B6: =VLOOKUP($A6,Plan1!$1:$1048576,2,0) -> 5 | C6: Águas de Lindóia | D6: =VLOOKUP($A6,Plan1!$A:$D,4,0) -> Deinter 2 | E6: 17079 | F6: 17491 | G6: 18289 | H6: 18766 | I6: 19240 | J6: 17728 | K6: 16335 | L6: 16341 | M6: 17261 | N6: 17354 | O6: 17438 | P6: 18108 | Q6: 18212 | R6: 18313 | S6: 18412 | T6: =VLOOKUP($A6,Atualização_ago18!$1:$1048576,3,0) -> 18509 | U6: =VLOOKUP($A6,Atualização_ago18!$1:$1048576,4,0) -> 18599 | V6: 18705 | W6: 18808 | X6: 18908 | Y6: 18908
A7: 3500550 | B7: =VLOOKUP($A7,Plan1!$1:$1048576,2,0) -> 6 | C7: Águas de Santa Bárbara | D7: =VLOOKUP($A7,Plan1!$A:$D,4,0) -> Deinter 7 | E7: 5504 | F7: 5634 | G7: 5907 | H7: 6058 | I7: 6208 | J7: 5885 | K7: 5580 | L7: 5612 | M7: 5598 | N7: 5630 | O7: 5658 | P7: 5876 | Q7: 5911 | R7: 5944 | S7: 5977 | T7: =VLOOKUP($A7,Atualização_ago18!$1:$1048576,3,0) -> 6009 | U7: =VLOOKUP($A7,Atualização_ago18!$1:$1048576,4,0) -> 6040 | V7: 6075 | W7: 6109 | X7: 6142 | Y7: 6142
A8: 3500600 | B8: =VLOOKUP($A8,Plan1!$1:$1048576,2,0) -> 7 | C8: Águas de São Pedro | D8: =VLOOKUP($A8,Plan1!$A:$D,4,0) -> Deinter 9 | E8: 1922 | F8: 1940 | G8: 1978 | H8: 2000 | I8: 2020 | J8: 2268 | K8: 2547 | L8: 2613 | M8: 2703 | N8: 2771 | O8: 2832 | P8: 3004 | Q8: 3073 | R8: 3139 | S8: 3205 | T8: =VLOOKUP($A8,Atualização_ago18!$1:$1048576,3,0) -> 3268 | U8: =VLOOKUP($A8,Atualização_ago18!$1:$1048576,4,0) -> 3380 | V8: 3451 | W8: 3521 | X8: 3588 | Y8: 3588
A9: 3500709 | B9: =VLOOKUP($A9,Plan1!$1:$1048576,2,0) -> 8 | C9: Agudos | D9: =VLOOKUP($A9,Plan1!$A:$D,4,0) -> Deinter 4 | E9: 32968 | F9: 33193 | G9: 33665 | H9: 33926 | I9: 34185 | J9: 35018 | K9: 35872 | L9: 36188 | M9: 34532 | N9: 34681 | O9: 34833 | P9: 36150 | Q9: 36339 | R9: 36524 | S9: 36704 | T9: =VLOOKUP($A9,Atualização_ago18!$1:$1048576,3,0) -> 36880 | U9: =VLOOKUP($A9,Atualização_ago18!$1:$1048576,4,0) -> 37023 | V9: 37214 | W9: 37401 | X9: 37582 | Y9: 37582
A10: 3500758 | B10: =VLOOKUP($A10,Plan1!$1:$1048576,2,0) -> 9 | C10: Alambari | D10: =VLOOKUP($A10,Plan1!$A:$D,4,0) -> Deinter 7 | E10: 3723 | F10: 3758 | G10: 3829 | H10: 3869 | I10: 3908 | J10: 4111 | K10: 4325 | L10: 4391 | M10: 4886 | N10: 4979 | O10: 5071 | P10: 5356 | Q10: 5460 | R10: 5560 | S10: 5658 | T10: =VLOOKUP($A10,Atualização_ago18!$1:$1048576,3,0) -> 5754 | U10: =VLOOKUP($A10,Atualização_ago18!$1:$1048576,4,0) -> 5918 | V10: 6025 | W10: 6129 | X10: 6231 | Y10: 6231
A11: 3500808 | B11: =VLOOKUP($A11,Plan1!$1:$1048576,2,0) -> 10 | C11: Alfredo Marcondes | D11: =VLOOKUP($A11,Plan1!$A:$D,4,0) -> Deinter 8 | E11: 3740 | F11: 3760 | G11: 3802 | H11: 3825 | I11: 3848 | J11: 3935 | K11: 4025 | L11: 4055 | M11: 3891 | N11: 3906 | O11: 3921 | P11: 4064 | Q11: 4083 | R11: 4101 | S11: 4118 | T11: =VLOOKUP($A11,Atualização_ago18!$1:$1048576,3,0) -> 4135 | U11: =VLOOKUP($A11,Atualização_ago18!$1:$1048576,4,0) -> 4147 | V11: 4166 | W11: 4184 | X11: 4201 | Y11: 4201
A12: 3500907 | B12: =VLOOKUP($A12,Plan1!$1:$1048576,2,0) -> 11 | C12: Altair | D12: =VLOOKUP($A12,Plan1!$A:$D,4,0) -> Deinter 3 | E12: 3591 | F12: 3620 | G12: 3679 | H12: 3712 | I12: 3745 | J12: 3521 | K12: 3312 | L12: 3287 | M12: 3814 | N12: 3837 | O12: 3859 | P12: 4010 | Q12: 4035 | R12: 4060 | S12: 4085 | T12: =VLOOKUP($A12,Atualização_ago18!$1:$1048576,3,0) -> 4109 | U12: =VLOOKUP($A12,Atualização_ago18!$1:$1048576,4,0) -> 4134 | V12: 4160 | W12: 4186 | X12: 4211 | Y12: 4211
A13: 3501004 | B13: =VLOOKUP($A13,Plan1!$1:$1048576,2,0) -> 12 | C13: Altinópolis | D13: =VLOOKUP($A13,Plan1!$A:$D,4,0) -> Deinter 3 | E13: 15868 | F13: 16048 | G13: 16425 | H13: 16633 | I13: 16840 | J13: 16187 | K13: 15560 | L13: 15554 | M13: 15609 | N13: 15617 | O13: 15627 | P13: 16137 | Q13: 16159 | R13: 16179 | S13: 16199 | T13: =VLOOKUP($A13,Atualização_ago18!$1:$1048576,3,0) -> 16219 | U13: =VLOOKUP($A13,Atualização_ago18!$1:$1048576,4,0) -> 16164 | V13: 16184 | W13: 16203 | X13: 16221 | Y13: 16221
... A646: 3557303 | B646: =VLOOKUP($A646,Plan1!$1:$1048576,2,0) -> 175 | C646: Estiva Gerbi | D646: =VLOOKUP($A646,Plan1!$A:$D,4,0) -> Deinter 2 | E646: 9315 | F646: 9528 | G646: 9975 | H646: 10223 | I646: 10469 | J646: 10019 | K646: 9590 | L646: 9657 | M646: 10044 | N646: 10136 | O646: 10224 | P646: 10669 | Q646: 10772 | R646: 10873 | S646: 10971 | T646: =VLOOKUP($A646,Atualização_ago18!$1:$1048576,3,0) -> 11067 | U646: =VLOOKUP($A646,Atualização_ago18!$1:$1048576,4,0) -> 11198 | V646: 11304 | W646: 11407 | X646: 11507 | Y646: 11507

Sheet Atualização_ago18
A1: Tabela 6579 - População residente estimada
A2: Variável - População residente estimada (Pessoas)
A3: Cód. | B3: Município | C3: Ano
C4: 2017 | D4: 2018
A5: 1100015 | B5: Alta Floresta D'Oeste (RO) | C5: 25437 | D5: 23167
A6: 1100023 | B6: Ariquemes (RO) | C6: 107345 | D6: 106168
A7: 1100031 | B7: Cabixi (RO) | C7: 6224 | D7: 5438
A8: 1100049 | B8: Cacoal (RO) | C8: 88507 | D8: 84813
A9: 1100056 | B9: Cerejeiras (RO) | C9: 17934 | D9: 16444
A10: 1100064 | B10: Colorado do Oeste (RO) | C10: 18467 | D10: 16227
A11: 1100072 | B11: Corumbiara (RO) | C11: 8659 | D11: 7567
A12: 1100080 | B12: Costa Marques (RO) | C12: 17400 | D12: 17855
A13: 1100098 | B13: Espigão D'Oeste (RO) | C13: 33030 | D13: 32047
A14: 1100106 | B14: Guajará-Mirim (RO) | C14: 47451 | D14: 45783
A15: 1100114 | B15: Jaru (RO) | C15: 55871 | D15: 51933
A16: 1100122 | B16: Ji-Paraná (RO) | C16: 132667 | D16: 127907
... A5574: 5300108 | B5574: Brasília (DF) | C5574: 3039444 | D5574: 2974703
A5575: Fonte: IBGE - Estimativas de População

Sheet Plan1
A1: codigo_ibge | B1: municipio | C1: municipio_nome | D1: departa
A2: 3500105 | B2: 1 | C2: Adamantina | D2: Deinter 8
A3: 3500204 | B3: 2 | C3: Adolfo | D3: Deinter 5
A4: 3500303 | B4: 3 | C4: Aguaí | D4: Deinter 9
A5: 3500402 | B5: 4 | C5: Águas da Prata | D5: Deinter 9
A6: 3500501 | B6: 5 | C6: Águas de Lindóia | D6: Deinter 2
A7: 3500550 | B7: 6 | C7: Águas de Santa Bárbara | D7: Deinter 7
A8: 3500600 | B8: 7 | C8: Águas de São Pedro | D8: Deinter 9
A9: 3500709 | B9: 8 | C9: Agudos | D9: Deinter 4
A10: 3500758 | B10: 9 | C10: Alambari | D10: Deinter 7
A11: 3500808 | B11: 10 | C11: Alfredo Marcondes | D11: Deinter 8
A12: 3500907 | B12: 11 | C12: Altair | D12: Deinter 3
A13: 3501004 | B13: 12 | C13: Altinópolis | D13: Deinter 3
... A646: 3557154 | B646: 645 | C646: Zacarias | D646: Deinter 5
